Rank,Name,All sectors,sd,nodata,0,5,1,15,2,25,3,35,4,45,hist,Agricultural,Domestic,Industrial
1,Western Sahara,4.42,0.77,0.00,0.00,0.00,0.00,0.00,0.00,0.00,2240.00,0.00,0.00,4187.00,,-,4.67,-
2,Mauritania,3.79,0.56,0.00,213103.00,68.00,0.00,0.00,15015023.00,5311185.00,193063936.00,1029178304.00,27249688.00,257697616.00,,3.76,4.03,4.19
3,Niger,3.72,0.80,0.00,0.00,0.00,1018.00,142785.00,7111591.00,410962976.00,308104448.00,563758144.00,30930076.00,344561408.00,,3.58,4.19,3.59
4,Senegal,3.65,1.00,0.00,0.00,0.00,0.00,313544768.00,35064292.00,173029264.00,957396.00,1027470272.00,0.00,661242240.00,,3.71,3.10,3.21
5,Oman,3.41,0.80,0.00,5934516.00,0.00,106059.00,60064496.00,265336880.00,62856892.00,235582000.00,542186240.00,101497696.00,157366064.00,,3.39,3.46,3.72
6,Peru,3.39,1.38,0.00,700552576.00,267940544.00,920185408.00,3133602304.00,455007456.00,2701303552.00,1674152832.00,537297408.00,3263563776.00,6703970304.00,,3.53,2.75,3.20
7,Egypt,3.35,0.76,0.00,331971872.00,29458004.00,2703615.00,678048256.00,560444480.00,2022756608.00,44208959488.00,4063433472.00,188638160.00,8666412032.00,,3.33,3.42,3.42
8,Namibia,3.30,0.83,0.00,124506.00,12483.00,48276.00,56290.00,62486824.00,72965744.00,74841352.00,79734160.00,6108686.00,43386996.00,,2.93,3.81,3.77
9,Qatar,2.94,0.62,0.00,0.00,1697681.00,25737056.00,0.00,181215168.00,0.00,413682816.00,38148560.00,7093097.00,0.00,,2.66,3.19,2.98
10,Sudan,2.94,0.78,0.00,0.00,145747.00,676655.00,2211904000.00,4908194304.00,5558996480.00,11672890368.00,1161804800.00,70261200.00,2521998336.00,,2.88,3.20,3.62
11,United Arab Emirates,2.92,1.31,0.00,578003200.00,260930752.00,179802752.00,263210592.00,209992192.00,481507040.00,1274178816.00,1140986368.00,1170531968.00,6894871.00,,3.22,2.18,2.67
12,Mali,2.90,1.09,0.00,661452.00,218440560.00,319427936.00,233234336.00,1608446208.00,240689616.00,174769744.00,505374240.00,1551335936.00,49723040.00,,3.12,2.48,2.22
13,Armenia,2.83,0.33,0.00,0.00,0.00,425753.00,0.00,707530816.00,171300688.00,1570004096.00,0.00,0.00,0.00,,2.83,2.82,2.88
14,Jordan,2.80,0.34,0.00,0.00,0.00,0.00,7045952.00,284204.00,1011965440.00,107286304.00,0.00,53435108.00,1428509.00,,2.86,2.69,2.73
15,Libya,2.77,1.25,0.00,150249760.00,0.00,33140640.00,1959925248.00,956159872.00,1389480448.00,130112960.00,237400512.00,17548.00,1270322560.00,,2.81,2.50,2.81
16,Eritrea,2.73,0.83,0.00,3470655.00,19977950.00,54388732.00,31953492.00,4065217.00,124379400.00,293641824.00,586044.00,0.00,0.00,,2.71,2.91,2.17
17,Botswana,2.70,0.47,0.00,0.00,0.00,0.00,22637984.00,5882220.00,155179424.00,27405512.00,12701358.00,1983594.00,1172510.00,,2.40,2.86,2.77
18,Ecuador,2.64,1.10,0.00,8441426.00,1760328832.00,3658831360.00,544287040.00,623955456.00,1692477312.00,1088202880.00,6635730432.00,845989376.00,0.00,,2.70,2.40,2.06
19,Turkmenistan,2.62,0.58,0.00,42067168.00,28285786.00,116080704.00,5035060224.00,4582809600.00,9152154624.00,927366464.00,4172387840.00,0.00,0.00,,2.64,2.40,2.17
20,Iran,2.57,0.52,0.00,60130152.00,193730928.00,2596559360.00,6520094720.00,30129852416.00,29415876608.00,18957328384.00,1017153280.00,586519680.00,0.00,,2.58,2.53,2.53
21,Uzbekistan,2.57,0.32,0.00,0.00,0.00,4166051.00,6418867200.00,7768025600.00,45815586816.00,11551300.00,1991863808.00,0.00,0.00,,2.56,2.57,2.64
22,Somalia,2.56,0.66,0.00,17840278.00,153024.00,142438256.00,195536464.00,341966080.00,274158112.00,883124224.00,0.00,0.00,0.00,,2.57,2.00,1.63
23,Chad,2.54,0.93,0.00,0.00,0.00,18643212.00,228263712.00,37929668.00,49812760.00,218976960.00,32469414.00,4361809.00,24558844.00,,2.60,2.16,2.72
24,Afghanistan,2.48,0.49,0.00,0.00,0.00,437920416.00,7652869632.00,4847488512.00,16856516608.00,1613691264.00,1225130240.00,0.00,0.00,,2.48,2.29,2.40
25,Pakistan,2.48,0.47,0.00,236487552.00,0.00,569913344.00,20919279616.00,78614020096.00,63376756736.00,14911048704.00,24.00,4383706112.00,0.00,,2.48,2.39,2.40
26,Finland,2.46,0.76,0.00,17274570.00,95002512.00,10734357.00,424448192.00,150921264.00,1006207232.00,187079200.00,85778368.00,42491660.00,0.00,,2.33,2.32,2.51
27,Tajikistan,2.45,0.21,0.00,0.00,0.00,0.00,181711680.00,5477458944.00,7056955904.00,0.00,0.00,0.00,0.00,,2.44,2.49,2.58
28,Kazakhstan,2.43,0.54,0.00,134317728.00,624452672.00,2060690560.00,1937104128.00,12307910656.00,16246602752.00,1430824960.00,328157376.00,66375008.00,19041546.00,,2.48,2.27,2.24
29,Syria,2.37,0.50,0.00,121976480.00,0.00,677825088.00,4493064192.00,3395466752.00,8089140224.00,303100352.00,683537920.00,0.00,0.00,,2.38,2.31,2.30
30,Kyrgyzstan,2.32,0.24,0.00,0.00,0.00,0.00,1211871488.00,5823776768.00,2980843264.00,0.00,0.00,0.00,0.00,,2.31,2.41,2.37
31,Lesotho,2.32,0.02,0.00,0.00,0.00,0.00,240991.00,93961104.00,0.00,0.00,0.00,0.00,0.00,,2.32,2.32,2.32
32,Czech Republic,2.27,0.17,0.00,0.00,0.00,0.00,230619856.00,1816192256.00,0.00,0.00,0.00,0.00,0.00,,2.20,2.26,2.28
33,Algeria,2.26,0.94,0.00,10149634.00,175622960.00,963291072.00,2215113984.00,2337408768.00,102213872.00,933202816.00,127980720.00,4146516.00,417386560.00,,2.28,2.05,2.47
34,Somaliland,2.26,0.47,0.00,872587.00,359729.00,131860.00,378639968.00,101734168.00,248876320.00,0.00,0.00,0.00,0.00,,2.26,1.60,2.02
35,Morocco,2.14,0.64,0.00,501090688.00,221748176.00,833602368.00,3809867520.00,2086609664.00,6110202368.00,405576064.00,66948108.00,0.00,0.00,,2.17,2.01,1.91
36,Saudi Arabia,2.12,0.98,0.00,1288660096.00,804637632.00,3094284032.00,9954300928.00,10899350528.00,1975251456.00,455444544.00,377224672.00,1044209984.00,1863082240.00,,2.06,2.55,2.56
37,Iraq,2.11,0.48,0.00,0.00,0.00,0.00,48706240512.00,2245852672.00,18664415232.00,648184064.00,0.00,0.00,0.00,,2.07,2.28,2.28
38,Chile,2.11,1.21,0.00,77560000.00,2925931520.00,2795720192.00,953833280.00,1453744768.00,1989958784.00,111370848.00,819479488.00,243201952.00,952721152.00,,1.84,2.38,2.56
39,Gambia,2.11,0.05,0.00,0.00,0.00,0.00,743173.00,123900112.00,852728.00,0.00,0.00,0.00,0.00,,2.09,2.12,2.10
40,Georgia,2.10,0.34,0.00,9812042.00,780005.00,94640664.00,492803424.00,1360611968.00,0.00,0.00,0.00,0.00,0.00,,2.17,2.01,2.06
41,Palestine,2.10,0.53,0.00,0.00,0.00,78601112.00,126310664.00,56098264.00,219713984.00,0.00,0.00,0.00,0.00,,2.15,2.03,2.01
42,Poland,2.06,0.26,0.00,35052024.00,0.00,373433152.00,2048840576.00,9505513472.00,32833240.00,0.00,0.00,0.00,0.00,,2.03,2.07,2.06
43,Slovakia,2.06,0.08,0.00,0.00,0.00,0.00,36580544.00,966810240.00,0.00,0.00,0.00,0.00,0.00,,2.06,2.07,2.05
44,Hungary,2.06,0.13,0.00,0.00,0.00,0.00,1220758144.00,4763300352.00,46018184.00,0.00,0.00,0.00,0.00,,2.09,2.05,2.05
45,Zimbabwe,2.05,0.32,0.00,0.00,0.00,144889856.00,732040576.00,1960943488.00,413178688.00,12978013.00,0.00,0.00,0.00,,1.99,2.19,2.15
46,Israel,2.04,0.52,0.00,0.00,0.00,134143128.00,1115914752.00,621605888.00,617348224.00,21708876.00,21731152.00,0.00,0.00,,2.09,1.91,2.15
47,Romania,2.02,0.36,0.00,20379928.00,0.00,161490688.00,2465560320.00,3004741632.00,1186532352.00,0.00,0.00,0.00,0.00,,1.88,2.10,2.04
48,Russia,2.02,0.50,0.00,1069177216.00,414004320.00,8120463360.00,25972217856.00,32288292864.00,9732131840.00,2248304384.00,279150144.00,15763857.00,27324124.00,,1.77,2.00,2.08
49,Nigeria,1.99,1.25,0.00,0.00,3355062784.00,4094110208.00,334267648.00,629966400.00,2550958848.00,540865920.00,328077824.00,0.00,1153963264.00,,2.72,1.76,1.23
50,Belarus,1.98,0.20,0.00,0.00,0.00,0.00,3040692224.00,1863136640.00,0.00,0.00,0.00,0.00,0.00,,1.99,1.99,1.97
51,Bolivia,1.97,1.01,0.00,0.00,603924096.00,257937136.00,596482304.00,870902336.00,228798.00,1267714.00,261855232.00,33068944.00,54954304.00,,2.39,1.58,1.66
52,China,1.96,0.76,0.00,7202639360.00,26543147008.00,177191000000.00,142336000000.00,92843884544.00,131741000000.00,27956019200.00,20626704384.00,159769968.00,200531888.00,,1.99,1.84,1.95
53,Kuwait,1.95,0.59,0.00,69164912.00,0.00,4528859.00,655213120.00,252189312.00,169220400.00,0.00,0.00,0.00,0.00,,2.09,1.78,2.12
54,Germany,1.90,0.30,0.00,252372304.00,4671636.00,1884910464.00,23367514112.00,9728225280.00,2774309632.00,0.00,0.00,0.00,0.00,,1.90,1.89,1.90
55,Belgium,1.90,0.28,0.00,14641952.00,0.00,240712736.00,2661500160.00,3930347008.00,0.00,0.00,0.00,0.00,0.00,,1.88,1.94,1.89
56,Tunisia,1.88,0.58,0.00,177556896.00,36391472.00,647383168.00,1089933056.00,1534123520.00,130608720.00,4036912.00,0.00,0.00,0.00,,1.89,1.82,1.86
57,South Sudan,1.85,0.46,0.00,0.00,129500.00,153827248.00,203705664.00,115621832.00,84261784.00,0.00,0.00,0.00,0.00,,2.35,1.64,1.84
58,Zambia,1.81,0.37,0.00,0.00,1014.00,768988352.00,796993664.00,1014232064.00,2560660.00,0.00,0.00,0.00,0.00,,1.85,1.74,1.71
59,Lithuania,1.80,0.20,0.00,0.00,0.00,396785280.00,2053630336.00,0.00,0.00,0.00,0.00,0.00,0.00,,1.79,1.81,1.80
60,Latvia,1.80,0.30,0.00,0.00,763789.00,127180056.00,236952672.00,55762064.00,0.00,0.00,0.00,0.00,0.00,,1.79,1.81,1.80
61,Republic of Serbia,1.80,0.31,0.00,0.00,0.00,968821952.00,1730381056.00,912377344.00,0.00,0.00,0.00,0.00,0.00,,1.88,1.80,1.80
62,Angola,1.79,0.57,0.00,11310614.00,75993304.00,337960448.00,809947392.00,295509248.00,23853860.00,70070616.00,21358712.00,0.00,3866160.00,,1.80,1.71,1.85
63,Rwanda,1.78,0.08,0.00,0.00,0.00,0.00,247824240.00,0.00,0.00,0.00,0.00,0.00,0.00,,1.80,1.75,1.77
64,Andorra,1.76,0.04,0.00,0.00,0.00,0.00,55057216.00,0.00,0.00,0.00,0.00,0.00,0.00,,1.77,1.76,1.75
65,Netherlands,1.76,0.32,0.00,27647022.00,646833600.00,621272064.00,9137801216.00,13516146.00,0.00,0.00,0.00,0.00,0.00,,1.75,1.78,1.75
66,Burkina Faso,1.75,0.49,0.00,0.00,575250.00,420558432.00,437136000.00,57356748.00,136541872.00,1599217.00,23270400.00,0.00,0.00,,1.71,1.81,1.76
67,Spain,1.74,0.59,0.00,1771060736.00,2928837120.00,2569650176.00,14745054208.00,8650603520.00,1442716416.00,0.00,0.00,0.00,0.00,,1.86,1.49,1.62
68,Yemen,1.74,0.45,0.00,33833152.00,307028608.00,1848973312.00,1614241536.00,2156505600.00,6761233.00,2450764.00,216976.00,0.00,256539.00,,1.73,1.79,1.62
69,Austria,1.74,0.22,0.00,0.00,0.00,595586944.00,2610772736.00,240375936.00,0.00,0.00,0.00,0.00,0.00,,2.03,1.73,1.73
70,Mexico,1.73,0.65,0.00,2025529728.00,6423766528.00,24813273088.00,28241043456.00,7293850112.00,7628229120.00,2959922944.00,271821760.00,633010.00,0.00,,1.74,1.75,1.66
71,Moldova,1.73,0.07,0.00,0.00,8409282.00,0.00,1862658816.00,38296948.00,0.00,0.00,0.00,0.00,0.00,,1.72,1.74,1.74
72,South Africa,1.73,0.56,0.00,879264896.00,887955648.00,3103918848.00,8619272192.00,2462057216.00,1680154880.00,100579640.00,0.00,0.00,0.00,,1.82,1.62,1.42
73,Macedonia,1.72,0.11,0.00,0.00,0.00,87173600.00,982794880.00,0.00,0.00,0.00,0.00,0.00,0.00,,1.72,1.72,1.72
74,Switzerland,1.71,0.20,0.00,0.00,0.00,19228352.00,2257264128.00,864417088.00,0.00,0.00,0.00,0.00,0.00,,1.89,1.70,1.71
75,Norway,1.69,0.56,0.00,11266479.00,212962288.00,709475456.00,666921664.00,742004672.00,17700736.00,0.00,54583320.00,0.00,2377525.00,,1.84,1.58,1.71
76,Canada,1.67,0.63,0.00,814252544.00,336299776.00,19671377920.00,16579175424.00,5409389056.00,4188611072.00,311884992.00,792961408.00,9206336.00,37271400.00,,2.33,1.51,1.65
77,Luxembourg,1.67,0.00,0.00,0.00,0.00,0.00,150193632.00,0.00,0.00,0.00,0.00,0.00,0.00,,1.67,1.66,1.67
78,Bulgaria,1.65,0.31,0.00,77348920.00,607634.00,2296224768.00,3771961088.00,874851.00,2095559.00,0.00,0.00,0.00,0.00,,1.57,1.59,1.68
79,Argentina,1.64,0.62,0.00,402443968.00,1951819264.00,17007057920.00,4334857216.00,5950856192.00,3420941312.00,791323200.00,33513444.00,44650224.00,3538314.00,,1.81,1.38,1.49
80,Turkey,1.63,0.68,0.00,2355684864.00,1592990336.00,15972673536.00,15918055424.00,4008643584.00,1412817536.00,617827264.00,913926400.00,143405056.00,17744054.00,,1.70,1.47,1.49
81,Azerbaijan,1.63,0.46,0.00,0.00,176561440.00,8999029760.00,244094768.00,1869121408.00,2108575.00,584967808.00,0.00,0.00,0.00,,1.60,1.67,1.70
82,India,1.62,0.72,109716.00,9971948544.00,64876896256.00,354486000000.00,190843000000.00,42572521472.00,41628442624.00,31630997504.00,14305707008.00,9875827712.00,0.00,,1.64,1.43,1.61
83,Kosovo,1.62,0.12,0.00,0.00,0.00,210787088.00,297109376.00,0.00,0.00,0.00,0.00,0.00,0.00,,1.60,1.62,1.63
84,Kenya,1.62,0.30,0.00,19428836.00,1751897.00,729422912.00,1938348800.00,173542256.00,48604320.00,0.00,0.00,0.00,0.00,,1.65,1.53,1.64
85,Burundi,1.61,0.14,0.00,0.00,0.00,13898545.00,284454176.00,0.00,0.00,0.00,0.00,0.00,0.00,,1.58,1.68,1.58
86,France,1.61,0.41,0.00,1118750080.00,1116433280.00,6674156032.00,20454987776.00,3043271168.00,0.00,399283872.00,0.00,0.00,0.00,,1.59,1.62,1.61
87,Swaziland,1.60,0.05,0.00,0.00,0.00,491373.00,916279168.00,0.00,0.00,0.00,0.00,0.00,0.00,,1.60,1.60,1.63
88,Liechtenstein,1.59,0.00,0.00,0.00,0.00,0.00,44686568.00,0.00,0.00,0.00,0.00,0.00,0.00,,-,1.59,1.59
89,Colombia,1.59,0.49,0.00,256552880.00,618566784.00,7745947648.00,6105105408.00,1014780672.00,213916304.00,473195328.00,0.00,0.00,35099460.00,,1.63,1.56,1.62
90,Ukraine,1.58,0.40,0.00,1423558272.00,629021184.00,8441123840.00,21795463168.00,4543605248.00,0.00,0.00,0.00,0.00,0.00,,1.52,1.59,1.67
91,Mongolia,1.57,0.25,0.00,0.00,1341727.00,205727504.00,460228864.00,38130960.00,8224048.00,282898.00,0.00,3655.00,103008.00,,1.63,1.57,1.51
92,Guinea Bissau,1.54,0.25,0.00,0.00,7829560.00,17119396.00,84156832.00,0.00,0.00,0.00,0.00,0.00,0.00,,1.52,1.58,1.55
93,United States of America,1.54,0.55,832871744.00,9107045376.00,33893236736.00,207987000000.00,118472000000.00,43045072896.00,22220556288.00,4604694016.00,811350208.00,76920888.00,15689347.00,,1.80,1.34,1.40
94,Benin,1.54,0.44,0.00,0.00,9017060.00,200668544.00,0.00,0.00,27125344.00,0.00,0.00,0.00,0.00,,1.55,1.56,1.44
95,Estonia,1.53,0.58,0.00,26297336.00,406728736.00,378353408.00,50137816.00,763945856.00,0.00,0.00,0.00,0.00,0.00,,1.88,1.37,1.53
96,Singapore,1.48,0.00,0.00,0.00,0.00,2570737152.00,0.00,0.00,0.00,0.00,0.00,0.00,0.00,,-,1.48,1.48
97,Uganda,1.45,0.17,0.00,0.00,0.00,305827520.00,181908816.00,6976867.00,155593.00,0.00,0.00,0.00,0.00,,1.43,1.48,1.39
98,Ethiopia,1.44,0.48,0.00,0.00,565599552.00,2911638528.00,2290859520.00,469298464.00,291075456.00,32672164.00,0.00,0.00,0.00,,1.44,1.47,1.60
99,Lebanon,1.44,0.44,0.00,0.00,0.00,709927168.00,593485952.00,0.00,21849748.00,0.00,0.00,0.00,0.00,,1.54,1.27,1.43
100,United Republic of Tanzania,1.43,0.32,0.00,36041000.00,322172640.00,2743690752.00,1337886592.00,71002888.00,1210044.00,0.00,0.00,0.00,0.00,,1.46,1.36,1.02
101,Suriname,1.43,0.13,0.00,0.00,1769.00,453834560.00,53813592.00,0.00,0.00,0.00,0.00,0.00,0.00,,1.46,1.23,1.22
102,Vatican,1.42,0.00,0.00,0.00,0.00,494591.00,0.00,0.00,0.00,0.00,0.00,0.00,0.00,,1.42,1.42,1.42
103,Malawi,1.38,0.14,0.00,0.00,0.00,1111572864.00,337330944.00,0.00,0.00,0.00,0.00,0.00,0.00,,1.36,1.44,1.46
104,Portugal,1.37,0.60,0.00,1164106112.00,373956992.00,4569058304.00,1184062208.00,2388233216.00,0.00,0.00,0.00,0.00,0.00,,1.47,1.10,1.28
105,Slovenia,1.37,0.28,0.00,0.00,140422688.00,640771584.00,206418224.00,0.00,0.00,0.00,0.00,0.00,0.00,,1.12,1.30,1.39
106,Sweden,1.35,0.84,0.00,656575296.00,221735296.00,433997664.00,783420160.00,806733056.00,79282376.00,0.00,0.00,0.00,0.00,,1.18,1.33,1.38
107,United Kingdom,1.34,0.65,13299.00,1725159040.00,2843213312.00,3764954880.00,4038520064.00,2695402496.00,0.00,0.00,0.00,0.00,0.00,,1.74,1.40,1.21
108,Bosnia and Herzegovina,1.33,0.21,0.00,10931556.00,1952961.00,386674560.00,0.00,0.00,0.00,0.00,0.00,0.00,0.00,,1.16,1.33,1.39
109,Montenegro,1.33,0.32,0.00,5494944.00,17759540.00,135202880.00,5408578.00,0.00,0.00,0.00,0.00,0.00,0.00,,1.35,1.33,1.33
110,Cameroon,1.33,0.48,0.00,14186603.00,224257792.00,203291488.00,312185024.00,29433304.00,5612683.00,13015807.00,0.00,0.00,0.00,,1.52,1.25,1.14
111,Republic of the Congo,1.33,0.47,0.00,8953667.00,11343538.00,40961624.00,43443452.00,0.00,0.00,0.00,0.00,0.00,0.00,,1.46,1.41,1.15
112,Venezuela,1.28,0.35,0.00,313429024.00,651507968.00,7555979264.00,2758017024.00,278522400.00,0.00,0.00,0.00,0.00,0.00,,1.38,1.22,1.23
113,Croatia,1.28,0.46,0.00,52528856.00,88046832.00,329444320.00,113673328.00,30693892.00,0.00,0.00,0.00,0.00,0.00,,1.24,1.26,1.36
114,Mozambique,1.26,0.36,0.00,19687476.00,185385648.00,551757248.00,474224192.00,6450402.00,0.00,0.00,0.00,0.00,0.00,,1.31,1.19,1.17
115,Democratic Republic of the Congo,1.23,0.31,0.00,0.00,347699520.00,331534688.00,412513728.00,0.00,0.00,0.00,0.00,0.00,0.00,,1.42,1.16,1.38
116,Italy,1.23,0.54,0.00,5700969472.00,6383145984.00,11026676736.00,22710364160.00,418143.00,0.00,481113.00,0.00,0.00,0.00,,1.31,1.10,1.19
117,Paraguay,1.21,0.07,0.00,0.00,11429733.00,648001728.00,209108.00,0.00,0.00,0.00,0.00,0.00,0.00,,1.22,1.19,1.19
118,Togo,1.20,0.18,0.00,949042.00,32781466.00,195862976.00,3795302.00,0.00,0.00,0.00,0.00,0.00,0.00,,1.20,1.20,1.10
119,Ireland,1.18,0.49,0.00,407302016.00,624765824.00,650424832.00,1551955584.00,0.00,0.00,0.00,0.00,0.00,0.00,,1.26,1.00,0.90
120,Nepal,1.18,0.13,0.00,0.00,6236.00,9764035584.00,625840960.00,0.00,0.00,0.00,0.00,0.00,0.00,,1.18,1.19,1.16
121,Honduras,1.17,0.21,0.00,3197572.00,231495824.00,1347854848.00,101859512.00,0.00,0.00,0.00,0.00,0.00,0.00,,1.17,1.19,1.16
122,North Korea,1.17,0.61,0.00,1375492096.00,1938290816.00,2475363072.00,1196365056.00,492126432.00,608264832.00,0.00,0.00,0.00,0.00,,1.06,1.15,1.68
123,Djibouti,1.12,0.90,0.00,16441260.00,738466.00,486120.00,1439139.00,5544678.00,265791.00,1041804.00,0.00,0.00,0.00,,1.57,0.96,0.53
124,Ivory Coast,1.10,0.19,0.00,29979874.00,553683648.00,1354434560.00,0.00,0.00,0.00,0.00,0.00,0.00,0.00,,1.14,1.06,1.11
125,Central African Republic,1.09,0.14,0.00,0.00,19805280.00,65020996.00,5462203.00,0.00,0.00,0.00,0.00,0.00,0.00,,1.07,1.09,1.08
126,Brazil,1.09,0.32,0.00,3708058624.00,15816396800.00,48561827840.00,5142286336.00,317354240.00,0.00,0.00,0.00,0.00,0.00,,1.08,1.09,1.10
127,Greece,1.08,0.58,0.00,1517929088.00,1771948288.00,2297787904.00,2824818432.00,0.00,0.00,0.00,0.00,0.00,0.00,,1.11,0.82,0.88
128,Ghana,1.08,0.35,0.00,110186992.00,68464616.00,1020139840.00,11507592.00,0.00,0.00,0.00,0.00,0.00,0.00,,1.15,1.07,0.91
129,Albania,1.07,0.25,0.00,0.00,818993920.00,1188807808.00,0.00,0.00,0.00,0.00,0.00,0.00,0.00,,1.09,1.06,1.05
130,Gabon,1.07,0.47,0.00,1929172.00,74652904.00,36996784.00,20344136.00,0.00,4482049.00,1037998.00,0.00,0.00,0.00,,1.03,1.01,1.47
131,Australia,1.07,0.39,35.00,3774045696.00,15896296448.00,29806364672.00,2609956864.00,560377472.00,280962208.00,91719600.00,28069422.00,3656378.00,649340.00,,1.09,0.83,1.11
132,Uruguay,1.06,0.16,0.00,0.00,571153344.00,1694062464.00,0.00,0.00,0.00,0.00,0.00,0.00,0.00,,1.10,0.95,0.97
133,Guinea,1.05,0.34,0.00,0.00,704607872.00,764757504.00,198181.00,21969012.00,30142004.00,0.00,0.00,0.00,0.00,,0.99,1.08,1.53
134,Thailand,1.04,0.20,0.00,2073439360.00,11001206784.00,48017162240.00,0.00,0.00,0.00,0.00,0.00,0.00,0.00,,1.04,1.01,1.00
135,Indonesia,1.00,0.56,0.00,33254785024.00,35731644416.00,76798574592.00,20190691328.00,143329952.00,250310448.00,0.00,0.00,0.00,0.00,,1.00,0.99,1.05
136,El Salvador,1.00,0.16,0.00,25626.00,447859648.00,796747456.00,27809984.00,0.00,0.00,0.00,0.00,0.00,0.00,,0.98,1.02,1.03
137,Brunei,1.00,0.15,0.00,0.00,114953136.00,17732824.00,5853268.00,0.00,0.00,0.00,0.00,0.00,0.00,,1.02,0.99,1.23
138,Papua New Guinea,0.97,0.52,0.00,78622120.00,207690128.00,227336384.00,53010624.00,0.00,0.00,0.00,0.00,0.00,0.00,,-,1.02,0.91
139,Myanmar,0.92,0.14,0.00,300357056.00,36939382784.00,6808555008.00,0.00,0.00,0.00,0.00,0.00,0.00,0.00,,0.92,0.90,0.99
140,Madagascar,0.91,0.40,0.00,3075124224.00,7163949568.00,10973813760.00,205315008.00,0.00,0.00,0.00,0.00,0.00,0.00,,0.92,0.90,0.82
141,Bhutan,0.91,0.07,0.00,0.00,455833632.00,24391430.00,0.00,0.00,0.00,0.00,0.00,0.00,0.00,,0.91,0.92,0.90
142,Japan,0.90,0.46,0.00,16091286528.00,21126430720.00,33250285568.00,5378772480.00,0.00,0.00,0.00,0.00,0.00,0.00,,0.87,0.99,0.84
143,Laos,0.88,0.08,0.00,0.00,2949388032.00,486562592.00,0.00,0.00,0.00,0.00,0.00,0.00,0.00,,0.88,0.89,0.89
144,Nicaragua,0.83,0.48,0.00,507674784.00,60040384.00,1066242176.00,3047737.00,0.00,0.00,0.00,0.00,0.00,0.00,,0.79,0.93,0.79
145,Panama,0.83,0.36,0.00,264642720.00,274508832.00,529816576.00,3319966.00,0.00,0.00,0.00,0.00,0.00,0.00,,0.93,0.70,0.67
146,Belize,0.82,0.14,0.00,8376701.00,413682304.00,237922.00,0.00,0.00,0.00,0.00,0.00,0.00,0.00,,0.86,0.87,0.81
147,Dominican Republic,0.79,0.15,0.00,93847240.00,6007443456.00,0.00,0.00,0.00,0.00,0.00,0.00,0.00,0.00,,0.82,0.74,0.70
148,South Korea,0.79,0.50,0.00,5933986816.00,6421051904.00,7693591552.00,2468776960.00,0.00,0.00,0.00,0.00,0.00,0.00,,0.76,0.99,0.54
149,Guyana,0.79,0.60,0.00,392008416.00,275652736.00,597957824.00,86746640.00,0.00,0.00,0.00,0.00,0.00,0.00,,0.77,0.88,1.01
150,Bangladesh,0.78,0.14,0.00,979703552.00,34509770752.00,128070856.00,0.00,0.00,0.00,0.00,0.00,0.00,0.00,,0.78,0.76,0.75
151,Malaysia,0.77,0.46,0.00,4579151872.00,5150299136.00,6954866176.00,243111648.00,17047760.00,0.00,0.00,0.00,0.00,0.00,,0.84,0.76,0.71
152,Sierra Leone,0.77,0.31,0.00,106853528.00,593058176.00,0.00,0.00,0.00,0.00,0.00,0.00,0.00,0.00,,0.85,0.72,0.54
153,Guatemala,0.72,0.27,0.00,810567424.00,2958693376.00,178210512.00,0.00,0.00,0.00,0.00,0.00,0.00,0.00,,0.68,0.83,0.73
154,New Zealand,0.71,0.42,0.00,1240947328.00,1306420992.00,1172416640.00,11261071.00,5964493.00,0.00,0.00,0.00,0.00,0.00,,0.82,0.51,0.61
155,Trinidad and Tobago,0.70,0.17,0.00,16658229.00,297820096.00,0.00,0.00,0.00,0.00,0.00,0.00,0.00,0.00,,0.73,0.72,0.65
156,San Marino,0.68,0.00,0.00,0.00,901388352.00,0.00,0.00,0.00,0.00,0.00,0.00,0.00,0.00,,0.68,0.68,0.68
157,Vietnam,0.67,0.29,0.00,32525363200.00,34698563584.00,3745602816.00,0.00,0.00,0.00,0.00,0.00,0.00,0.00,,0.66,0.77,0.70
158,Liberia,0.67,0.14,0.00,22755712.00,316977440.00,0.00,0.00,0.00,0.00,0.00,0.00,0.00,0.00,,0.71,0.63,0.70
159,Sri Lanka,0.67,0.31,0.00,2678682112.00,8989657088.00,811221376.00,0.00,0.00,0.00,0.00,0.00,0.00,0.00,,0.68,0.65,0.56
160,Cambodia,0.66,0.21,0.00,1250883328.00,1792607488.00,7375590.00,0.00,0.00,0.00,0.00,0.00,0.00,0.00,,0.66,0.69,0.62
161,Costa Rica,0.65,0.50,0.00,1781979136.00,1600443264.00,1154919680.00,277575328.00,0.00,0.00,0.00,0.00,0.00,0.00,,0.65,0.57,0.77
162,East Timor,0.64,0.43,0.00,287540896.00,627731136.00,150800208.00,0.00,0.00,0.00,0.00,0.00,0.00,0.00,,0.65,0.53,0.80
163,Philippines,0.62,0.44,0.00,31095130112.00,35097509888.00,11032449024.00,2023890304.00,0.00,0.00,0.00,0.00,0.00,0.00,,0.65,0.47,0.43
164,Iceland,0.59,0.85,0.00,74506208.00,1058939.00,2149094.00,12437519.00,3286820.00,4722012.00,1262248.00,0.00,0.00,0.00,,-,0.50,1.19
165,Haiti,0.59,0.28,0.00,564728576.00,970691648.00,0.00,0.00,0.00,0.00,0.00,0.00,0.00,0.00,,0.63,0.50,0.37
166,Equatorial Guinea,0.58,0.41,0.00,11403606.00,14819052.00,2995908.00,0.00,0.00,0.00,0.00,0.00,0.00,0.00,,-,0.63,0.33
167,Monaco,0.50,0.00,0.00,0.00,615966464.00,0.00,0.00,0.00,0.00,0.00,0.00,0.00,0.00,,0.50,0.50,0.50
168,Cuba,0.49,0.29,0.00,3499853056.00,3579160576.00,170483712.00,0.00,0.00,0.00,0.00,0.00,0.00,0.00,,0.52,0.44,0.45
169,Denmark,0.46,0.47,0.00,364450912.00,133179800.00,139844176.00,0.00,0.00,0.00,0.00,0.00,0.00,0.00,,0.72,0.30,0.42
170,Taiwan,0.33,0.33,0.00,9424800768.00,4639654400.00,198486304.00,0.00,0.00,0.00,0.00,0.00,0.00,0.00,,0.50,0.38,0.21
171,Cyprus,0.15,0.36,0.00,83319576.00,0.00,14495559.00,0.00,0.00,0.00,0.00,0.00,0.00,0.00,,0.13,0.26,0.18
172,Jamaica,0.02,0.05,0.00,812865600.00,0.00,0.00,0.00,0.00,0.00,0.00,0.00,0.00,0.00,,0.01,0.02,0.02
173,Antigua and Barbuda,0.00,0.00,0.00,8026709.00,0.00,0.00,0.00,0.00,0.00,0.00,0.00,0.00,0.00,,0.00,0.00,0.00
173,Bahrain,0.00,0.00,0.00,413053888.00,0.00,0.00,0.00,0.00,0.00,0.00,0.00,0.00,0.00,,0.00,0.00,0.00
173,Barbados,0.00,0.00,0.00,69750728.00,0.00,0.00,0.00,0.00,0.00,0.00,0.00,0.00,0.00,,0.00,0.00,0.00
173,Comoros,0.00,0.00,0.00,11226803.00,0.00,0.00,0.00,0.00,0.00,0.00,0.00,0.00,0.00,,0.00,0.00,0.00
173,Dominica,0.00,0.00,0.00,4829325.00,0.00,0.00,0.00,0.00,0.00,0.00,0.00,0.00,0.00,,-,0.00,0.00
173,Malta,0.00,0.00,0.00,49969988.00,0.00,0.00,0.00,0.00,0.00,0.00,0.00,0.00,0.00,,0.00,0.00,0.00
173,Saint Lucia,0.00,0.00,0.00,6852419.00,0.00,0.00,0.00,0.00,0.00,0.00,0.00,0.00,0.00,,0.00,0.00,0.00
173,Saint Vincent and the Grenadines,0.00,0.00,0.00,3591320.00,0.00,0.00,0.00,0.00,0.00,0.00,0.00,0.00,0.00,,-,0.00,0.00
174,Cape Verde,-,-,-,-,-,-,-,-,-,-,-,-,-,,-,-,-
174,Curacao,-,-,-,-,-,-,-,-,-,-,-,-,-,,-,-,-
174,Federated States of Micronesia,-,-,-,-,-,-,-,-,-,-,-,-,-,,-,-,-
174,Fiji,-,-,-,-,-,-,-,-,-,-,-,-,-,,-,-,-
174,Grenada,-,-,-,-,-,-,-,-,-,-,-,-,-,,-,-,-
174,Kiribati,-,-,-,-,-,-,-,-,-,-,-,-,-,,-,-,-
174,Maldives,-,-,-,-,-,-,-,-,-,-,-,-,-,,-,-,-
174,Marshall Islands,-,-,-,-,-,-,-,-,-,-,-,-,-,,-,-,-
174,Mauritius,-,-,-,-,-,-,-,-,-,-,-,-,-,,-,-,-
174,Nauru,-,-,-,-,-,-,-,-,-,-,-,-,-,,-,-,-
174,Palau,-,-,-,-,-,-,-,-,-,-,-,-,-,,-,-,-
174,Saint Kitts and Nevis,-,-,-,-,-,-,-,-,-,-,-,-,-,,-,-,-
174,Samoa,-,-,-,-,-,-,-,-,-,-,-,-,-,,-,-,-
174,Sao Tome and Principe,-,-,-,-,-,-,-,-,-,-,-,-,-,,-,-,-
174,Seychelles,-,-,-,-,-,-,-,-,-,-,-,-,-,,-,-,-
174,Solomon Islands,-,-,-,-,-,-,-,-,-,-,-,-,-,,-,-,-
174,The Bahamas,-,-,-,-,-,-,-,-,-,-,-,-,-,,-,-,-
174,Tonga,-,-,-,-,-,-,-,-,-,-,-,-,-,,-,-,-
174,Tuvalu,-,-,-,-,-,-,-,-,-,-,-,-,-,,-,-,-
174,Vanuatu,-,-,-,-,-,-,-,-,-,-,-,-,-,,-,-,-