Rank,Name,All sectors,sd,Column11,Column10,Column9,Column8,Column7,Column6,Column5,Column4,Column3,Column2,Column1,hist,Agricultural,Domestic,Industrial
1,Bangladesh,4.94,0.22,0.00,0.00,0.00,0.00,0.00,0.00,0.00,374097.00,922661888.00,881074048.00,33813434368.00,,4.94,4.91,4.91
2,Bhutan,4.66,0.82,0.00,8922186.00,1380873.00,0.00,5633654.00,0.00,0.00,0.00,0.00,112438520.00,351849824.00,,4.80,4.35,4.89
3,Nepal,4.49,0.23,0.00,0.00,0.00,0.00,0.00,0.00,82300.00,0.00,625882432.00,3226266112.00,6537651200.00,,4.49,4.47,4.55
4,Philippines,4.02,0.76,0.00,65806912.00,75841600.00,0.00,2251202048.00,1673560576.00,4282272768.00,7047052800.00,14515101696.00,16766070784.00,32572071936.00,,4.04,3.91,3.99
5,Laos,3.92,0.44,0.00,0.00,0.00,0.00,23206.00,1913257.00,43996028.00,742746240.00,1234018560.00,1313240064.00,100013328.00,,3.92,3.89,3.98
6,Haiti,3.88,0.13,0.00,0.00,0.00,0.00,0.00,0.00,0.00,0.00,1535420288.00,0.00,0.00,,3.88,3.90,3.87
7,Cambodia,3.87,0.25,0.00,0.00,0.00,0.00,8225987.00,2356259.00,12395500.00,313065.00,1778794368.00,1237012608.00,11768706.00,,3.88,3.84,3.80
8,Pakistan,3.87,0.33,0.00,0.00,3450581.00,0.00,1211.00,332243488.00,1037418432.00,9179422720.00,107374000000.00,61101608960.00,3982789376.00,,3.87,3.88,3.89
9,India,3.85,0.46,0.00,24948.00,147348.00,0.00,2847353600.00,5338626048.00,50737184768.00,70680379392.00,317900000000.00,275201000000.00,37486821376.00,,3.84,3.94,3.79
10,Kenya,3.81,0.25,0.00,0.00,4509.00,0.00,0.00,570830.00,31261360.00,326709760.00,1969740672.00,582811904.00,0.00,,3.80,3.82,3.83
11,Vietnam,3.80,0.26,0.00,1030706.00,0.00,0.00,3382600.00,0.00,1008759744.00,1822609280.00,59110453248.00,7276459520.00,1746834560.00,,3.79,3.88,3.82
12,Slovakia,3.79,0.24,0.00,0.00,0.00,0.00,0.00,0.00,36420800.00,189884.00,966780096.00,0.00,0.00,,3.80,3.75,3.81
13,Somalia,3.79,0.19,0.00,337525.00,557774.00,0.00,546582.00,342383.00,1078745.00,191209088.00,1661144320.00,0.00,0.00,,3.79,3.42,3.46
14,Moldova,3.78,0.32,0.00,0.00,0.00,0.00,43336196.00,0.00,38296948.00,0.00,1827731968.00,0.00,0.00,,3.74,3.79,3.80
15,El Salvador,3.75,0.21,0.00,0.00,0.00,0.00,0.00,0.00,25626.00,81826640.00,1190590464.00,0.00,0.00,,3.77,3.73,3.76
16,Sri Lanka,3.73,0.24,0.00,0.00,0.00,0.00,0.00,0.00,26836324.00,1351227264.00,9408955392.00,1692541952.00,0.00,,3.72,3.84,3.80
17,Dominican Republic,3.73,0.28,0.00,0.00,0.00,0.00,0.00,88155536.00,52207664.00,917795008.00,5043132416.00,0.00,0.00,,3.80,3.57,3.45
18,Colombia,3.72,0.55,0.00,0.00,0.00,0.00,12813571.00,100611528.00,2522141696.00,3069497344.00,2384299776.00,8373800448.00,0.00,,3.72,3.71,3.76
19,Taiwan,3.71,0.13,0.00,0.00,7587918.00,0.00,0.00,0.00,0.00,103200248.00,14152153088.00,0.00,0.00,,3.75,3.74,3.68
20,Afghanistan,3.71,0.41,0.00,0.00,0.00,0.00,0.00,162995552.00,1065802304.00,4351007232.00,20800673792.00,2424152064.00,3828985600.00,,3.70,3.90,3.87
21,Romania,3.68,0.30,0.00,0.00,0.00,0.00,14754796.00,18141600.00,173637968.00,1188372736.00,4260912128.00,1182885760.00,0.00,,3.64,3.69,3.69
22,Tajikistan,3.68,0.24,0.00,0.00,0.00,0.00,1178255.00,516458.00,18635080.00,4199646464.00,5606700544.00,2889449728.00,0.00,,3.66,3.69,3.84
23,Thailand,3.68,0.32,0.00,414236.00,688447.00,0.00,149162848.00,1272246528.00,1410853632.00,7973126144.00,45129076736.00,5156241408.00,0.00,,3.68,3.71,3.60
24,Nicaragua,3.64,0.33,0.00,0.00,0.00,0.00,0.00,0.00,9901962.00,860846528.00,766256576.00,0.00,0.00,,3.63,3.65,3.70
25,Benin,3.64,0.31,0.00,0.00,0.00,0.00,0.00,352810.00,21917986.00,14687534.00,199852624.00,0.00,0.00,,3.69,3.57,3.64
26,Honduras,3.63,0.17,0.00,0.00,0.00,0.00,0.00,0.00,3721581.00,246140896.00,1409479168.00,25066148.00,0.00,,3.65,3.62,3.63
27,Uganda,3.63,0.38,0.00,0.00,618422.00,0.00,725652.00,18649356.00,22441476.00,32295002.00,416393152.00,3745723.00,0.00,,3.74,3.48,3.70
28,Rwanda,3.61,0.08,0.00,0.00,0.00,0.00,0.00,0.00,0.00,20693092.00,227131152.00,0.00,0.00,,3.63,3.58,3.59
29,Georgia,3.60,0.28,0.00,0.00,0.00,0.00,0.00,408163.00,129320016.00,487212224.00,1341707648.00,0.00,0.00,,3.66,3.53,3.55
30,Bosnia and Herzegovina,3.60,0.57,0.00,0.00,178792.00,0.00,1933759.00,26282844.00,76239504.00,0.00,294924192.00,0.00,0.00,,2.68,3.58,3.76
31,Antigua and Barbuda,3.58,0.00,0.00,0.00,0.00,0.00,0.00,0.00,0.00,0.00,8026709.00,0.00,0.00,,3.58,3.58,3.58
31,Barbados,3.58,0.00,0.00,0.00,0.00,0.00,0.00,0.00,0.00,0.00,69750728.00,0.00,0.00,,3.58,3.58,3.58
31,Dominica,3.58,0.00,0.00,0.00,0.00,0.00,0.00,0.00,0.00,0.00,4829325.00,0.00,0.00,,-,3.58,3.58
31,Saint Lucia,3.58,0.00,0.00,0.00,0.00,0.00,0.00,0.00,0.00,0.00,6852419.00,0.00,0.00,,3.58,3.58,3.58
31,Saint Vincent and the Grenadines,3.58,0.00,0.00,0.00,0.00,0.00,0.00,0.00,0.00,0.00,3591320.00,0.00,0.00,,-,3.58,3.58
36,Slovenia,3.55,0.67,0.00,0.00,0.00,0.00,58090844.00,82415680.00,28020.00,206390208.00,640687744.00,0.00,0.00,,2.81,3.30,3.61
37,Republic of Serbia,3.54,0.27,0.00,0.00,0.00,0.00,0.00,0.00,46137356.00,2290506240.00,1274936704.00,0.00,0.00,,3.56,3.54,3.54
38,Guatemala,3.52,0.33,0.00,0.00,0.00,0.00,1899053.00,11770686.00,82440640.00,2217449984.00,842279104.00,791631680.00,0.00,,3.49,3.61,3.52
39,Jamaica,3.51,0.03,0.00,0.00,0.00,0.00,0.00,0.00,0.00,62092020.00,750773568.00,0.00,0.00,,3.52,3.51,3.51
40,China,3.51,0.82,0.00,1510090624.00,1245892608.00,0.00,33609172992.00,50743656448.00,86210150400.00,104533000000.00,175215000000.00,118125000000.00,55608856576.00,,3.50,3.65,3.45
41,Montenegro,3.49,0.48,0.00,0.00,0.00,0.00,0.00,23254484.00,2862498.00,73964120.00,63784836.00,0.00,0.00,,3.47,3.54,3.41
42,Hungary,3.48,0.46,0.00,0.00,0.00,0.00,0.00,653992448.00,770643520.00,244544192.00,4360896512.00,0.00,0.00,,3.35,3.45,3.51
43,South Korea,3.47,0.47,0.00,0.00,0.00,0.00,0.00,530997504.00,4962585600.00,4643462656.00,9508136960.00,2872224768.00,0.00,,3.44,3.63,3.28
44,Kosovo,3.45,0.05,0.00,0.00,0.00,0.00,0.00,0.00,0.00,507823936.00,72506.00,0.00,0.00,,3.45,3.45,3.45
45,Niger,3.45,0.25,0.00,881.00,279402.00,0.00,2945038.00,6048847.00,95041544.00,1005337088.00,555919616.00,0.00,0.00,,3.43,3.51,3.37
46,United Kingdom,3.40,0.52,0.00,30493026.00,49514336.00,0.00,171030320.00,837273792.00,1713187840.00,5000437760.00,7265325568.00,0.00,0.00,,3.46,3.49,3.29
47,Burundi,3.35,0.24,0.00,0.00,0.00,0.00,0.00,0.00,42842920.00,175948128.00,79561688.00,0.00,0.00,,3.33,3.41,3.34
48,Lesotho,3.33,0.00,0.00,0.00,0.00,0.00,0.00,0.00,734.00,94194160.00,7199.00,0.00,0.00,,3.33,3.33,3.33
49,Malawi,3.33,0.41,0.00,0.00,0.00,0.00,0.00,31146514.00,379774336.00,140997328.00,896985600.00,0.00,0.00,,3.37,3.16,3.18
50,Sudan,3.30,0.33,0.00,138583.00,2939904.00,0.00,215051536.00,1307215744.00,847670144.00,15602995200.00,10130861056.00,0.00,0.00,,3.33,2.97,3.12
51,Burkina Faso,3.29,0.19,0.00,0.00,0.00,0.00,0.00,0.00,90004120.00,891406592.00,95627168.00,0.00,0.00,,3.25,3.34,3.37
52,Paraguay,3.29,0.25,0.00,0.00,0.00,0.00,588544.00,27401532.00,64255972.00,567334400.00,60122.00,0.00,0.00,,3.34,3.22,3.25
53,Austria,3.29,0.13,0.00,0.00,0.00,0.00,0.00,196188.00,348173216.00,2834659072.00,263707056.00,0.00,0.00,,3.42,3.28,3.28
54,Macedonia,3.27,0.09,0.00,0.00,0.00,0.00,0.00,1707306.00,19158592.00,1049102592.00,0.00,0.00,0.00,,3.26,3.27,3.28
55,Armenia,3.26,0.36,0.00,0.00,0.00,0.00,0.00,171300688.00,351586752.00,1570429824.00,355944032.00,0.00,0.00,,3.25,3.28,3.34
56,Liechtenstein,3.26,0.00,0.00,0.00,0.00,0.00,0.00,0.00,0.00,44686568.00,0.00,0.00,0.00,,-,3.26,3.26
57,Andorra,3.26,0.02,0.00,0.00,0.00,0.00,0.00,0.00,0.00,55057216.00,0.00,0.00,0.00,,3.26,3.26,3.25
58,Bulgaria,3.24,0.68,0.00,151790960.00,26869960.00,0.00,70927920.00,449705440.00,996241216.00,416523808.00,4037053440.00,0.00,0.00,,3.24,3.10,3.28
59,Ethiopia,3.24,0.32,0.00,0.00,0.00,0.00,294231.00,149219440.00,1612774016.00,2536837376.00,2262018816.00,0.00,0.00,,3.24,3.19,3.39
60,Iran,3.24,0.40,0.00,10572801.00,10477287.00,0.00,561353728.00,4541334016.00,17799092224.00,41819746304.00,24734670848.00,0.00,0.00,,3.24,3.16,3.21
61,Czech Republic,3.23,0.34,0.00,0.00,0.00,0.00,0.00,125800344.00,410814496.00,885512320.00,624684992.00,0.00,0.00,,3.25,3.18,3.26
62,Ecuador,3.23,0.16,0.00,0.00,0.00,0.00,27682460.00,61768156.00,1345615104.00,15423178752.00,0.00,0.00,0.00,,3.24,3.19,3.11
63,Myanmar,3.22,0.55,0.00,335322048.00,656800704.00,0.00,1191804672.00,500724544.00,7509115392.00,11893135360.00,21955035136.00,5279271.00,1076831.00,,3.24,3.13,3.17
64,Switzerland,3.17,0.31,0.00,0.00,0.00,0.00,0.00,0.00,1650958848.00,515205888.00,974744704.00,0.00,0.00,,3.37,3.17,3.15
65,Bolivia,3.15,0.25,0.00,28296.00,135898.00,0.00,802500.00,37190764.00,654859072.00,1883467264.00,104136992.00,0.00,0.00,,3.10,3.19,3.19
66,Indonesia,3.14,0.77,0.00,2118813440.00,5742487552.00,0.00,8056268800.00,12932966400.00,27497834496.00,37712850944.00,72308121600.00,0.00,0.00,,3.16,3.13,3.05
67,Togo,3.12,0.50,0.00,0.00,0.00,0.00,0.00,67705824.00,34022268.00,65465072.00,66195620.00,0.00,0.00,,3.10,3.13,2.91
68,United Republic of Tanzania,3.12,0.42,0.00,0.00,18712.00,0.00,87877280.00,298097184.00,1656834432.00,705848896.00,1739088256.00,24239060.00,0.00,,3.18,2.92,2.68
69,Nigeria,3.10,0.45,0.00,0.00,22868936.00,0.00,287066176.00,812590656.00,4931512320.00,4767859712.00,2165374976.00,0.00,0.00,,3.23,3.08,2.90
70,Luxembourg,3.10,0.00,0.00,0.00,0.00,0.00,0.00,0.00,0.00,150193632.00,0.00,0.00,0.00,,3.10,3.10,3.10
71,Brazil,3.08,0.73,0.00,1321444608.00,982772480.00,0.00,3246504704.00,6473994752.00,17450147840.00,25833691136.00,15935759360.00,2301609984.00,0.00,,3.11,3.10,3.00
72,Swaziland,3.08,0.29,0.00,0.00,0.00,0.00,0.00,491373.00,424662880.00,491616256.00,0.00,0.00,0.00,,3.07,3.29,3.24
73,United States of America,3.08,0.95,832871744.00,10177132544.00,20522162176.00,0.00,29929730048.00,43626573824.00,69840453632.00,95525093376.00,121826000000.00,48786460672.00,0.00,,2.67,3.28,3.33
74,Malaysia,3.07,0.71,0.00,85809440.00,143199312.00,0.00,2180867840.00,1338523904.00,3539510272.00,3751932160.00,5904633344.00,0.00,0.00,,3.39,2.96,2.83
75,Costa Rica,3.05,0.48,0.00,0.00,0.00,0.00,0.00,410163712.00,2499071488.00,919893184.00,985789120.00,0.00,0.00,,2.96,3.15,3.18
76,Croatia,3.04,1.21,0.00,48910488.00,7355276.00,0.00,82369160.00,24627092.00,24682160.00,132977184.00,293465888.00,0.00,0.00,,2.75,3.02,3.18
77,Uruguay,3.04,0.44,0.00,0.00,0.00,0.00,28710148.00,357961792.00,217072784.00,1276519936.00,384951104.00,0.00,0.00,,3.16,2.69,2.67
78,Cuba,3.01,0.22,0.00,0.00,0.00,0.00,52602.00,517601536.00,2183178752.00,4548664320.00,0.00,0.00,0.00,,2.99,3.06,3.04
79,Azerbaijan,3.01,0.63,0.00,0.00,0.00,0.00,2162464256.00,446513408.00,173249744.00,7803119616.00,1290536704.00,0.00,0.00,,3.16,2.81,2.68
80,Ghana,3.00,0.36,0.00,0.00,0.00,0.00,45764952.00,96994904.00,623191168.00,431374368.00,12973635.00,0.00,0.00,,3.06,3.00,2.87
81,North Korea,2.99,0.61,0.00,14328330.00,2472344.00,0.00,912724480.00,1167729536.00,546498944.00,5168214016.00,205357936.00,68576896.00,0.00,,3.03,3.10,2.66
82,Japan,2.98,0.46,0.00,74032568.00,277014048.00,0.00,2347353344.00,13200093184.00,20454879232.00,34191609856.00,5301792768.00,0.00,0.00,,2.96,3.11,2.88
83,Jordan,2.98,0.61,0.00,284302.00,30545164.00,0.00,102595944.00,225195792.00,39788456.00,783035904.00,0.00,0.00,0.00,,2.89,3.14,3.10
84,Mozambique,2.96,0.45,0.00,0.00,2246911.00,0.00,71638000.00,80346520.00,602630400.00,383044448.00,97598640.00,0.00,0.00,,3.09,2.75,2.75
85,Chad,2.95,0.46,0.00,17659.00,1932555.00,0.00,32239172.00,30353256.00,337315584.00,94042696.00,119115464.00,0.00,0.00,,2.90,3.04,2.95
86,Palestine,2.95,0.32,0.00,0.00,0.00,0.00,0.00,30773544.00,315159360.00,134791120.00,0.00,0.00,0.00,,3.05,2.86,2.85
87,Djibouti,2.95,0.38,0.00,0.00,0.00,0.00,583857.00,488094.00,17901490.00,550809.00,6433008.00,0.00,0.00,,3.16,2.87,2.78
88,Yemen,2.94,0.39,0.00,360230.00,1988837.00,0.00,247814208.00,604916864.00,2605030144.00,2510157568.00,0.00,0.00,0.00,,2.94,2.87,2.75
89,Morocco,2.90,0.42,0.00,3277383.00,63372868.00,0.00,827353472.00,1494590720.00,4483701248.00,7163348992.00,0.00,0.00,0.00,,2.91,2.86,2.80
90,Israel,2.89,0.31,0.00,0.00,0.00,0.00,6456.00,222186464.00,1682835328.00,627423680.00,0.00,0.00,0.00,,2.90,2.87,2.91
91,Singapore,2.89,0.00,0.00,0.00,0.00,0.00,0.00,0.00,2570737152.00,0.00,0.00,0.00,0.00,,-,2.89,2.89
91,Vatican,2.89,0.00,0.00,0.00,0.00,0.00,0.00,0.00,494591.00,0.00,0.00,0.00,0.00,,2.89,2.89,2.89
93,Mexico,2.88,0.62,0.00,44087408.00,1217357568.00,0.00,7337509888.00,8691692544.00,29027475456.00,20180967424.00,12401579008.00,757399616.00,0.00,,2.81,3.15,3.06
94,Germany,2.88,0.84,0.00,1785610112.00,799480320.00,0.00,2602157312.00,1685757312.00,11314147328.00,8593923072.00,11230927872.00,0.00,0.00,,2.72,2.91,2.88
95,South Africa,2.84,0.59,0.00,57969696.00,111017856.00,0.00,1437101312.00,4802189824.00,3271833856.00,6687493120.00,1365598464.00,0.00,0.00,,2.84,2.84,2.80
96,Peru,2.82,0.53,0.00,27585.00,384336608.00,0.00,557302848.00,5164459008.00,7962506752.00,3664278784.00,2624664832.00,0.00,0.00,,2.83,2.90,2.74
97,Algeria,2.79,0.59,0.00,136484816.00,50678112.00,0.00,535219712.00,1271469312.00,2545154048.00,2747510784.00,0.00,0.00,0.00,,2.89,2.80,2.48
98,Monaco,2.77,0.00,0.00,0.00,0.00,0.00,0.00,0.00,615966464.00,0.00,0.00,0.00,0.00,,2.77,2.77,2.77
99,Zimbabwe,2.77,0.33,0.00,0.00,0.00,0.00,106673464.00,721430336.00,2124697088.00,40520320.00,270709408.00,0.00,0.00,,2.81,2.69,2.73
100,Belgium,2.77,0.27,0.00,0.00,0.00,0.00,255354688.00,100159768.00,4072056576.00,2419630848.00,0.00,0.00,0.00,,2.60,2.70,2.78
101,Lebanon,2.76,0.25,0.00,0.00,0.00,0.00,0.00,375463040.00,768548288.00,181251616.00,0.00,0.00,0.00,,2.76,2.77,2.79
102,Panama,2.76,0.32,0.00,0.00,336509.00,0.00,85840640.00,50151052.00,881195008.00,54764888.00,0.00,0.00,0.00,,2.72,2.82,2.81
103,Uzbekistan,2.74,1.11,0.00,3812737024.00,7072047104.00,0.00,5506793472.00,619273.00,4901701632.00,36323618816.00,0.00,4392543744.00,0.00,,2.72,2.89,2.96
104,Venezuela,2.73,0.61,0.00,93796112.00,3256249.00,0.00,1895649152.00,1991514240.00,2833146368.00,4529208320.00,210885680.00,0.00,0.00,,2.70,2.76,2.68
105,Albania,2.73,0.44,0.00,0.00,0.00,0.00,193096352.00,428806656.00,1050689280.00,333192224.00,2017268.00,0.00,0.00,,2.71,2.76,2.73
106,Poland,2.70,0.91,0.00,790991808.00,0.00,0.00,1099326336.00,2149098496.00,3195084288.00,3141761536.00,1619410304.00,0.00,0.00,,2.49,2.76,2.71
107,Spain,2.69,0.58,0.00,276642720.00,1177558144.00,0.00,3312283648.00,2679309568.00,18984189952.00,5677937664.00,0.00,0.00,0.00,,2.79,2.44,2.60
108,Australia,2.66,0.74,0.00,569342656.00,1857827712.00,0.00,9531083776.00,8049426432.00,18488985600.00,6591134720.00,7964296192.00,0.00,0.00,,2.65,2.74,2.64
109,Syria,2.65,0.57,0.00,0.00,1064489152.00,0.00,322860800.00,7326325760.00,4038828032.00,5011607552.00,0.00,0.00,0.00,,2.66,2.51,2.81
110,Belize,2.65,0.43,0.00,7627296.00,0.00,0.00,16864992.00,81544712.00,316187040.00,72893.00,0.00,0.00,0.00,,2.76,2.75,2.62
111,Madagascar,2.62,0.51,0.00,54937812.00,818037824.00,0.00,1974635392.00,3444508160.00,11889414144.00,3236669440.00,0.00,0.00,0.00,,2.62,2.59,2.51
112,Italy,2.62,1.17,0.00,3326086912.00,3368824832.00,0.00,6851703296.00,5643748864.00,8646713344.00,1268319488.00,16716659712.00,0.00,0.00,,2.75,2.58,2.44
113,Tunisia,2.62,0.82,0.00,0.00,522931584.00,0.00,327133280.00,415747424.00,1454639872.00,899581632.00,0.00,0.00,0.00,,2.69,2.35,2.13
114,Mali,2.61,0.23,0.00,0.00,6807310.00,0.00,283973536.00,469544192.00,4052423424.00,89014616.00,340003.00,0.00,0.00,,2.63,2.59,2.54
115,Belarus,2.61,0.25,0.00,0.00,0.00,0.00,333297184.00,730171456.00,3541380864.00,298979456.00,0.00,0.00,0.00,,2.67,2.63,2.58
116,Turkey,2.56,0.61,0.00,2811184.00,2352525312.00,0.00,7628959232.00,8086596608.00,16917440512.00,6938251776.00,1027182976.00,0.00,0.00,,2.52,2.68,2.63
117,Chile,2.55,0.60,0.00,184174864.00,706616320.00,0.00,1131901952.00,1646215680.00,6499707904.00,2154905344.00,0.00,0.00,0.00,,2.63,2.62,2.36
118,Eritrea,2.55,0.70,0.00,0.00,17939926.00,0.00,198397840.00,19547614.00,96376.00,296481376.00,173.00,0.00,0.00,,2.54,2.66,2.22
119,Egypt,2.53,0.54,0.00,2041233280.00,227511776.00,0.00,1895892736.00,14039622656.00,42545254400.00,3312306.00,0.00,0.00,0.00,,2.53,2.61,2.44
120,Somaliland,2.52,0.40,0.00,96338.00,188888.00,0.00,74464112.00,345475392.00,290144192.00,0.00,20245694.00,0.00,0.00,,2.52,2.20,2.18
121,South Sudan,2.52,0.47,0.00,302532.00,7686416.00,0.00,113976528.00,117197920.00,225090624.00,93292016.00,0.00,0.00,0.00,,2.73,2.46,2.46
122,France,2.50,0.85,0.00,1414536448.00,1811880064.00,0.00,7279634944.00,3547892480.00,8117736448.00,7805489152.00,2829713408.00,0.00,0.00,,2.56,2.59,2.47
123,Zambia,2.48,0.55,0.00,0.00,9521333.00,0.00,773740992.00,443265088.00,1153271552.00,202976848.00,0.00,0.00,0.00,,2.50,2.49,2.36
124,Senegal,2.47,0.39,0.00,0.00,25951944.00,0.00,301951936.00,537615360.00,1345789056.00,0.00,0.00,0.00,0.00,,2.47,2.45,2.62
125,Mauritania,2.47,0.38,0.00,7138823.00,38808856.00,0.00,90763688.00,744078080.00,646939456.00,0.00,0.00,0.00,0.00,,2.52,2.27,1.34
126,Netherlands,2.46,0.44,0.00,0.00,458733152.00,0.00,1293131392.00,147792048.00,8224819200.00,322594176.00,0.00,0.00,0.00,,2.45,2.51,2.46
127,Argentina,2.45,0.88,0.00,1248801792.00,3730575872.00,0.00,6142691328.00,5167741952.00,6074821632.00,9013854208.00,2562513920.00,0.00,0.00,,2.26,2.80,2.60
128,Ukraine,2.43,0.69,0.00,0.00,2589189632.00,0.00,7543992320.00,13155992576.00,6368065024.00,3652797696.00,3423367936.00,99366288.00,0.00,,2.28,2.65,2.56
129,Guyana,2.40,0.14,0.00,2123056.00,538.00,0.00,153691.00,1338286080.00,11802262.00,0.00,0.00,0.00,0.00,,2.40,2.40,2.36
130,Portugal,2.40,0.50,0.00,0.00,18513798.00,0.00,4009329152.00,1377058048.00,4274515456.00,0.00,0.00,0.00,0.00,,2.45,2.24,2.34
131,Iraq,2.40,0.69,0.00,111113640.00,750093248.00,0.00,38222286848.00,879016448.00,6599837184.00,21454041088.00,2248304896.00,0.00,0.00,,2.35,2.50,2.74
132,Greece,2.36,0.79,0.00,305430720.00,708251200.00,0.00,1178368384.00,2027499008.00,2739677184.00,1047456384.00,405800736.00,0.00,0.00,,2.36,2.34,2.29
133,Lithuania,2.36,0.54,0.00,12971498.00,185736048.00,0.00,314531392.00,50570068.00,1886606592.00,0.00,0.00,0.00,0.00,,2.36,2.37,2.36
134,Brunei,2.28,0.06,0.00,0.00,0.00,0.00,1016624.00,137522608.00,0.00,0.00,0.00,0.00,0.00,,2.45,2.27,2.37
135,Ivory Coast,2.27,0.64,0.00,788956.00,146639040.00,0.00,471078720.00,983435136.00,57919512.00,278236768.00,0.00,0.00,0.00,,2.46,2.11,2.21
136,Central African Republic,2.27,0.71,0.00,1595972.00,4256639.00,0.00,32743680.00,29336800.00,5335007.00,12279721.00,4740661.00,0.00,0.00,,2.48,2.28,2.23
137,San Marino,2.26,0.00,0.00,0.00,0.00,0.00,0.00,901388352.00,0.00,0.00,0.00,0.00,0.00,,2.26,2.26,2.26
138,Trinidad and Tobago,2.23,0.14,0.00,0.00,0.00,0.00,16658229.00,297820096.00,0.00,0.00,0.00,0.00,0.00,,2.25,2.24,2.19
139,Ireland,2.21,0.22,0.00,0.00,0.00,0.00,675039488.00,2300758272.00,258650560.00,0.00,0.00,0.00,0.00,,2.23,2.15,2.15
140,East Timor,2.20,0.33,0.00,826357.00,0.00,0.00,627731136.00,149215424.00,288299328.00,0.00,0.00,0.00,0.00,,2.20,2.25,2.00
141,Cameroon,2.16,1.13,0.00,69789816.00,105820720.00,0.00,239094448.00,58636784.00,99580776.00,22697628.00,206362496.00,0.00,0.00,,2.77,1.98,1.37
142,Kyrgyzstan,2.12,0.68,0.00,0.00,313693216.00,0.00,6899694080.00,562940.00,1270409216.00,1358038016.00,174093792.00,0.00,0.00,,2.12,2.28,2.11
143,Namibia,2.07,0.79,0.00,14482705.00,47474220.00,0.00,110769936.00,37181872.00,114399984.00,15456595.00,0.00,0.00,0.00,,2.17,2.03,1.44
144,Botswana,2.06,0.77,0.00,20629434.00,4376696.00,0.00,88924432.00,33055558.00,79030120.00,946359.00,0.00,0.00,0.00,,2.44,1.81,2.07
145,Russia,2.00,0.87,0.00,8002488832.00,5600420864.00,0.00,22955872256.00,24231182336.00,13317377024.00,4570337280.00,1489152768.00,0.00,0.00,,2.50,2.21,1.82
146,Canada,1.93,0.96,0.00,3141255168.00,10918113280.00,0.00,16864760832.00,3580669440.00,4885564416.00,8756618240.00,3448711.00,0.00,0.00,,1.72,2.23,1.86
147,Liberia,1.93,0.44,0.00,0.00,49365596.00,0.00,131711768.00,158655776.00,0.00,0.00,0.00,0.00,0.00,,1.83,1.83,2.16
148,Oman,1.90,0.28,0.00,1101805.00,46486580.00,0.00,1114316416.00,269026016.00,0.00,0.00,0.00,0.00,0.00,,1.92,1.82,1.77
149,Democratic Republic of the Congo,1.88,0.96,0.00,123851256.00,143298944.00,0.00,423532480.00,59211044.00,249879392.00,62280572.00,29694274.00,0.00,0.00,,2.68,1.77,1.88
150,Latvia,1.82,0.49,0.00,4748485.00,63507848.00,0.00,155779760.00,196329552.00,292930.00,0.00,0.00,0.00,0.00,,1.84,1.84,1.81
151,Turkmenistan,1.77,1.28,0.00,6715029504.00,1717023232.00,0.00,3911013376.00,6257393664.00,4961361.00,2761057024.00,2629127680.00,60607164.00,0.00,,1.78,1.43,1.63
152,Kazakhstan,1.72,0.92,0.00,5903433216.00,2511601152.00,0.00,16770818048.00,7073577984.00,423280032.00,2472766464.00,0.00,0.00,0.00,,1.88,1.36,1.06
153,Angola,1.72,0.89,0.00,236582832.00,269959392.00,0.00,280912576.00,660301120.00,200379760.00,1734700.00,0.00,0.00,0.00,,1.82,1.81,1.59
154,New Zealand,1.70,0.71,0.00,36177716.00,1388356224.00,0.00,1326358528.00,314308096.00,671810048.00,0.00,0.00,0.00,0.00,,1.35,2.28,2.22
155,Republic of the Congo,1.68,0.95,0.00,18053444.00,6936700.00,0.00,45938904.00,0.00,33773236.00,0.00,0.00,0.00,0.00,,1.70,1.83,1.35
156,Sierra Leone,1.64,0.51,0.00,0.00,213140336.00,0.00,288300128.00,198471264.00,0.00,0.00,0.00,0.00,0.00,,1.57,1.79,1.66
157,Comoros,1.63,0.00,0.00,0.00,0.00,0.00,11226803.00,0.00,0.00,0.00,0.00,0.00,0.00,,1.63,1.63,1.63
158,Papua New Guinea,1.61,0.79,0.00,61734712.00,102325352.00,0.00,252857360.00,0.00,149741824.00,0.00,0.00,0.00,0.00,,-,1.74,1.45
159,Gambia,1.49,0.61,0.00,0.00,74497576.00,0.00,3676746.00,47321696.00,0.00,0.00,0.00,0.00,0.00,,2.25,1.44,1.13
160,Suriname,1.40,0.63,0.00,82775384.00,0.00,0.00,422920640.00,876327.00,1077558.00,0.00,0.00,0.00,0.00,,1.40,1.45,1.39
161,Mongolia,1.33,0.77,0.00,156026944.00,69441960.00,0.00,467796352.00,10524036.00,10253368.00,0.00,0.00,0.00,0.00,,1.00,1.47,1.58
162,Norway,1.31,0.64,0.00,314823360.00,779063040.00,0.00,1323405696.00,0.00,0.00,0.00,0.00,0.00,0.00,,1.61,1.30,1.21
163,Saudi Arabia,1.23,0.90,0.00,9187464192.00,5286093824.00,0.00,13214347264.00,2546529536.00,1522011520.00,0.00,0.00,0.00,0.00,,1.17,1.74,1.52
164,United Arab Emirates,1.17,0.75,0.00,1180855040.00,2236894464.00,0.00,2148289024.00,0.00,0.00,0.00,0.00,0.00,0.00,,1.23,1.02,1.06
165,Western Sahara,1.12,0.24,0.00,0.00,5238.00,0.00,1189.00,0.00,0.00,0.00,0.00,0.00,0.00,,-,1.36,-
166,Guinea,1.11,0.88,0.00,515812160.00,267913792.00,0.00,639055616.00,98893024.00,0.00,0.00,0.00,0.00,0.00,,0.99,1.51,1.22
167,Estonia,1.06,0.83,0.00,514826240.00,493283040.00,0.00,615847680.00,1506146.00,0.00,0.00,0.00,0.00,0.00,,1.29,0.84,1.07
168,Guinea Bissau,1.04,0.55,0.00,18900782.00,53744220.00,0.00,36460784.00,0.00,0.00,0.00,0.00,0.00,0.00,,1.02,1.11,0.94
169,Gabon,0.65,0.53,0.00,52901100.00,79886672.00,0.00,6655273.00,0.00,0.00,0.00,0.00,0.00,0.00,,0.97,0.58,0.69
170,Kuwait,0.56,0.91,0.00,796097344.00,120412880.00,0.00,0.00,233806400.00,0.00,0.00,0.00,0.00,0.00,,0.75,0.34,0.43
171,Sweden,0.35,0.66,0.00,2281774336.00,203788672.00,0.00,496180832.00,0.00,0.00,0.00,0.00,0.00,0.00,,0.26,0.32,0.38
172,Finland,0.21,0.41,0.00,1589419136.00,430518272.00,0.00,0.00,0.00,0.00,0.00,0.00,0.00,0.00,,0.12,0.18,0.22
173,Iceland,0.06,0.24,0.00,93159096.00,6263749.00,0.00,0.00,0.00,0.00,0.00,0.00,0.00,0.00,,-,0.06,0.08
174,Equatorial Guinea,0.04,0.20,0.00,27935260.00,1283307.00,0.00,0.00,0.00,0.00,0.00,0.00,0.00,0.00,,-,0.05,0.00
175,Libya,0.03,0.16,0.00,5963127296.00,163483312.00,0.00,198835.00,0.00,0.00,0.00,0.00,0.00,0.00,,0.02,0.06,0.05
176,Qatar,0.00,0.02,0.00,667374272.00,200093.00,0.00,0.00,0.00,0.00,0.00,0.00,0.00,0.00,,0.00,0.00,0.00
177,Bahrain,0.00,0.00,0.00,413053888.00,0.00,0.00,0.00,0.00,0.00,0.00,0.00,0.00,0.00,,0.00,0.00,0.00
177,Cyprus,0.00,0.00,0.00,97815136.00,0.00,0.00,0.00,0.00,0.00,0.00,0.00,0.00,0.00,,0.00,0.00,0.00
177,Malta,0.00,0.00,0.00,49969988.00,0.00,0.00,0.00,0.00,0.00,0.00,0.00,0.00,0.00,,0.00,0.00,0.00
177,Denmark,0.00,0.00,0.00,637474880.00,0.00,0.00,0.00,0.00,0.00,0.00,0.00,0.00,0.00,,0.00,0.00,0.00
178,Cape Verde,-,-,-,-,-,-,-,-,-,-,-,-,-,,-,-,-
178,Curacao,-,-,-,-,-,-,-,-,-,-,-,-,-,,-,-,-
178,Federated States of Micronesia,-,-,-,-,-,-,-,-,-,-,-,-,-,,-,-,-
178,Fiji,-,-,-,-,-,-,-,-,-,-,-,-,-,,-,-,-
178,Grenada,-,-,-,-,-,-,-,-,-,-,-,-,-,,-,-,-
178,Kiribati,-,-,-,-,-,-,-,-,-,-,-,-,-,,-,-,-
178,Maldives,-,-,-,-,-,-,-,-,-,-,-,-,-,,-,-,-
178,Marshall Islands,-,-,-,-,-,-,-,-,-,-,-,-,-,,-,-,-
178,Mauritius,-,-,-,-,-,-,-,-,-,-,-,-,-,,-,-,-
178,Nauru,-,-,-,-,-,-,-,-,-,-,-,-,-,,-,-,-
178,Palau,-,-,-,-,-,-,-,-,-,-,-,-,-,,-,-,-
178,Saint Kitts and Nevis,-,-,-,-,-,-,-,-,-,-,-,-,-,,-,-,-
178,Samoa,-,-,-,-,-,-,-,-,-,-,-,-,-,,-,-,-
178,Sao Tome and Principe,-,-,-,-,-,-,-,-,-,-,-,-,-,,-,-,-
178,Seychelles,-,-,-,-,-,-,-,-,-,-,-,-,-,,-,-,-
178,Solomon Islands,-,-,-,-,-,-,-,-,-,-,-,-,-,,-,-,-
178,The Bahamas,-,-,-,-,-,-,-,-,-,-,-,-,-,,-,-,-
178,Tonga,-,-,-,-,-,-,-,-,-,-,-,-,-,,-,-,-
178,Tuvalu,-,-,-,-,-,-,-,-,-,-,-,-,-,,-,-,-
178,Vanuatu,-,-,-,-,-,-,-,-,-,-,-,-,-,,-,-,-